﻿判例番号,区分１,区分２,区分３,区分４,区分５,区分６,備考,A車,B車
【98】,四輪車同士の事故,交差点における直進車同士の出合い頭事故,信号機により交通整理の行われている交差点における事故,,青信号車と赤信号車との事故,,,青信号者,赤信号者
【99】,四輪車同士の事故,交差点における直進車同士の出合い頭事故,信号機により交通整理の行われている交差点における事故,,黄信号車と赤信号車との事故,,,黄信号者,赤信号者
【100】,四輪車同士の事故,交差点における直進車同士の出合い頭事故,信号機により交通整理の行われている交差点における事故,,赤信号車同士の事故,,,赤信号者,赤信号者
【101】,四輪車同士の事故,交差点における直進車同士の出合い頭事故,信号機により交通整理の行われていない交差点における事故,,同幅員の交差点の場合,,,左方車,右方車
【102】,四輪車同士の事故,交差点における直進車同士の出合い頭事故,信号機により交通整理の行われていない交差点における事故,,一方通行違反がある場合,,,一方向通行無違反車,一方向通行違反車
【103-1】,四輪車同士の事故,交差点における直進車同士の出合い頭事故,信号機により交通整理の行われていない交差点における事故,,一方が明らかに広い道路である場合,A車B車同程度の速度,,広路車,狭路車
【103-2】,四輪車同士の事故,交差点における直進車同士の出合い頭事故,信号機により交通整理の行われていない交差点における事故,,一方が明らかに広い道路である場合,A車減速せず　B車減速,,広路車,狭路車
【103-3】,四輪車同士の事故,交差点における直進車同士の出合い頭事故,信号機により交通整理の行われていない交差点における事故,,一方が明らかに広い道路である場合,A車減速　B車減速せず,,広路車,狭路車
【104-1】,四輪車同士の事故,交差点における直進車同士の出合い頭事故,信号機により交通整理の行われていない交差点における事故,,一方に一時停止の規制がある場合,A車一時停止の規制なし　B車一時停止の規制あり　A車B車同程度の速度,,一時停止の規制なし,一時停止の規制あり
【104-2】,四輪車同士の事故,交差点における直進車同士の出合い頭事故,信号機により交通整理の行われていない交差点における事故,,一方に一時停止の規制がある場合,A車一時停止の規制なし　B車一時停止の規制あり　A車減速せず　B車減速,,一時停止の規制なし,一時停止の規制あり
【104-3】,四輪車同士の事故,交差点における直進車同士の出合い頭事故,信号機により交通整理の行われていない交差点における事故,,一方に一時停止の規制がある場合,A車一時停止の規制なし　B車一時停止の規制あり　A車減速　B車減速,,一時停止の規制なし,一時停止の規制あり
【104-4】,四輪車同士の事故,交差点における直進車同士の出合い頭事故,信号機により交通整理の行われていない交差点における事故,,一方に一時停止の規制がある場合,A車一時停止の規制なし　B車一時停止の規制あり　B車一時停止後進入,,一時停止の規制なし,一時停止の規制あり
【105】,四輪車同士の事故,交差点における直進車同士の出合い頭事故,信号機により交通整理の行われていない交差点における事故,,一方が優先道路である場合,," 優先道路とは、道路標識等により優先道路として指定されているもの及び当該交差点において当該道路における車両の通行を規制する道路標識等による中央線又は車両通行帯が設けられている道路をいう(法36条2項。「序章 はじめに」3 (18)を参照。)。優先道路といっても、その態様は様々であり、幹線道路もあれば、単に中央線が引かれているだけで劣後車側の道路幅と差がない道路もある。
片側二車線以上ある道路及び中央分離帯が設置されている道路など、優先性が明らかな優先道路以外の場合においては、一時停止の規制のある場合の基準 (【104】) に準じて考えてよいこともあろう。また、しない道路である場合でも、一方の広路が幹線道路で他方の狭路が路地に類するときなど、広路の優先性が特に顕著であるときには、本基準に準じて考えてよいこともあろう。",優先車,劣後車
【106】,四輪車同士の事故,交差点における直進車同士の出合い頭事故,信号機により交通整理の行われていない交差点における事故,,一方道路車両用信号赤色表示と押しボタン式歩行者信号青色表示(交差道路の車両用信号なし)の交差点の場合,,,優先車,劣後車
【107】,四輪車同士の事故,交差点における右折車と直進車との事故,同一道路を対向方向から進入した場合,信号機により交通整理の行われている交差点における事故,直進車・右折車ともに青信号で進入した場合,,,直進車,右折車
【108】,四輪車同士の事故,交差点における右折車と直進車との事故,同一道路を対向方向から進入した場合,信号機により交通整理の行われている交差点における事故,直進車が黄信号で進入し、右折車が青信号で進入した後、黄信号で右折した場合,,,直進車,右折車
【109】,四輪車同士の事故,交差点における右折車と直進車との事故,同一道路を対向方向から進入した場合,信号機により交通整理の行われている交差点における事故,直進車・右折車ともに黄信号で進入した場合,,,直進車,右折車
【110】,四輪車同士の事故,交差点における右折車と直進車との事故,同一道路を対向方向から進入した場合,信号機により交通整理の行われている交差点における事故,直進車・右折車ともに赤信号で進入した場合,,,直進車,右折車
【111】,四輪車同士の事故,交差点における右折車と直進車との事故,同一道路を対向方向から進入した場合,信号機により交通整理の行われている交差点における事故,直進車が赤信号で進入し、右折車が青信号で進入した後、赤信号で右折した場合,,,直進車,右折車
【112】,四輪車同士の事故,交差点における右折車と直進車との事故,同一道路を対向方向から進入した場合,信号機により交通整理の行われている交差点における事故,直進車が赤信号で進入し、右折車が黄信号で進入した後、赤信号で右折した場合,,,直進車,右折車
【113】,四輪車同士の事故,交差点における右折車と直進車との事故,同一道路を対向方向から進入した場合,信号機により交通整理の行われている交差点における事故,直進車が赤信号で進入し、右折車が右折の青矢印信号で進入した場合,,,直進車,右折車
【114】,四輪車同士の事故,交差点における右折車と直進車との事故,同一道路を対向方向から進入した場合,信号機により交通整理の行われていない交差点における事故,信号機により交通整理の行われていない交差点における事故,,,直進車,右折車
【115】,四輪車同士の事故,交差点における右折車と直進車との事故,左又は右方向から進入した場合,信号機により交通整理の行われていない交差点における事故,右折車が左方車である場合,,,直進車・右方車,右折車・左方車
【116】,四輪車同士の事故,交差点における右折車と直進車との事故,左又は右方向から進入した場合,信号機により交通整理の行われていない交差点における事故,右折車が右方車である場合,,,直進車・左方車,右折車・右方車
【117】,四輪車同士の事故,交差点における右折車と直進車との事故,左又は右方向から進入した場合,信号機により交通整理の行われていない交差点における事故,右折車が狭路から広路に出る場合,,,直進車・広路車,右折車・狭路車
【118】,四輪車同士の事故,交差点における右折車と直進車との事故,左又は右方向から進入した場合,信号機により交通整理の行われていない交差点における事故,右折車が広路から直進車の進入してきた狭路に入る場合,,,直進車・狭路車,右折車・広路車
【119】,四輪車同士の事故,交差点における右折車と直進車との事故,左又は右方向から進入した場合,信号機により交通整理の行われていない交差点における事故,右折車が広路から直進車の向かう狭路に入る場合,,,直進車・狭路車,右折車・広路車
【120】,四輪車同士の事故,交差点における右折車と直進車との事故,左又は右方向から進入した場合,信号機により交通整理の行われていない交差点における事故,右折車に一時停止の規制がある場合,,,直進車,右折車
【121】,四輪車同士の事故,交差点における右折車と直進車との事故,左又は右方向から進入した場合,信号機により交通整理の行われていない交差点における事故,直進車に一時停止の規制があり、右折車が左方車である場合,,,直進車,右折車
【122】,四輪車同士の事故,交差点における右折車と直進車との事故,左又は右方向から進入した場合,信号機により交通整理の行われていない交差点における事故,直進車に一時停止の規制があり、右折車が右方車である場合,,,直進車,右折車
【123】,四輪車同士の事故,交差点における右折車と直進車との事故,左又は右方向から進入した場合,信号機により交通整理の行われていない交差点における事故,右折車が非優先道路から優先道路に出る場合,,,直進車・優先車,右折車・劣後車
【124】,四輪車同士の事故,交差点における右折車と直進車との事故,左又は右方向から進入した場合,信号機により交通整理の行われていない交差点における事故,右折車が優先道路から直進車の進入してきた非優先道路に入る場合,,,直進車・劣後車,右折車・優先車
【125】,四輪車同士の事故,交差点における右折車と直進車との事故,左又は右方向から進入した場合,信号機により交通整理の行われていない交差点における事故,右折車が優先道路から直進車の向かう非優先道路に入る場合,,,直進車・劣後車,右折車・優先車
【126】,四輪車同士の事故,交差点におけるその他の態様の事故,,,左折車と直進車との事故,,,左折車・左方車,直進車・右方車
【127】,四輪車同士の事故,交差点におけるその他の態様の事故,,,左折車と直進車との事故,,,左折車・狭路車,直進車・広路車
【128】,四輪車同士の事故,交差点におけるその他の態様の事故,,,左折車と直進車との事故,,,左折車・一時停止の規制あり,直進車・一時停止の規制なし
【129】,四輪車同士の事故,交差点におけるその他の態様の事故,,,左折車と直進車との事故,,,左折車・劣後車,直進車・優先車
【130】,四輪車同士の事故,交差点におけるその他の態様の事故,,,右折車同士の事故,,,右折車・左方車,右折車・右方車
【131】,四輪車同士の事故,交差点におけるその他の態様の事故,,,右折車同士の事故,,,右折車・狭路車,右折車・広路車
【132】,四輪車同士の事故,交差点におけるその他の態様の事故,,,右折車同士の事故,,,右折車・一時停止の規制あり,右折車・一時停止の規制なし
【133】,四輪車同士の事故,交差点におけるその他の態様の事故,,,右折車同士の事故,,,右折車・劣後車,右折車・優先車
【134】,四輪車同士の事故,交差点におけるその他の態様の事故,,,左折車と対向右折車との事故,,,左折車,右折車
【135】,四輪車同士の事故,交差点におけるその他の態様の事故,右(左)折車と後続直進車との事故,右折車と追越直進車との事故（追越直進車が中央線ないし道路中央を越えている場合）,追越しが禁止される通常の交差点の場合,,,追越直進車,右折車
【136】,四輪車同士の事故,交差点におけるその他の態様の事故,右(左)折車と後続直進車との事故,右折車と追越直進車との事故（追越直進車が中央線ないし道路中央を越えている場合）,追越しが禁止されない交差点の場合,,,追越直進車,右折車
【137-1】,四輪車同士の事故,交差点におけるその他の態様の事故,右(左)折車と後続直進車との事故,あらかじめ中央（左側端）に寄らない右（左）折車と後続直進車との事故（後続直進車が中央線ないし道路中央を越えていない場合）,右折車が中央に寄るのに支障のない場合,,,直進車,右折車
【137-2】,四輪車同士の事故,交差点におけるその他の態様の事故,右(左)折車と後続直進車との事故,あらかじめ中央（左側端）に寄らない右（左）折車と後続直進車との事故（後続直進車が中央線ないし道路中央を越えていない場合）,左折車が左側端に寄るのに支障のない場合,,,直進車,左折車
【138-1】,四輪車同士の事故,交差点におけるその他の態様の事故,右(左)折車と後続直進車との事故,あらかじめ中央（左側端）に寄らない右（左）折車と後続直進車との事故（後続直進車が中央線ないし道路中央を越えていない場合）,右折車があらかじめ中央に寄っては右折できない場合,,,直進車,右折車
【138-2】,四輪車同士の事故,交差点におけるその他の態様の事故,右(左)折車と後続直進車との事故,あらかじめ中央（左側端）に寄らない右（左）折車と後続直進車との事故（後続直進車が中央線ないし道路中央を越えていない場合）,左折車があらかじめ左側端に寄っては左折できない場合,,,直進車,左折車
【139】,四輪車同士の事故,交差点におけるその他の態様の事故,丁字路（Ｔ字路）交差点における事故,直線路直進車と突き当たり路右左折車との事故,道路の幅が同じ,,,直進車,右左折車
【140】,四輪車同士の事故,交差点におけるその他の態様の事故,丁字路（Ｔ字路）交差点における事故,直線路直進車と突き当たり路右左折車との事故,道路の幅の一方が明らかに広い,,,広路直進車,狭路右左折車
【141】,四輪車同士の事故,交差点におけるその他の態様の事故,丁字路（Ｔ字路）交差点における事故,直線路直進車と突き当たり路右左折車との事故,道路の一方に一時停止,,,直進車規制なし,右左折車規制あり
【142】,四輪車同士の事故,交差点におけるその他の態様の事故,丁字路（Ｔ字路）交差点における事故,直線路直進車と突き当たり路右左折車との事故,道路の一方が優先道路,,,優先直進車,劣後右左折車
【143】,四輪車同士の事故,交差点におけるその他の態様の事故,丁字路（Ｔ字路）交差点における事故,,右折車同士の事故,道路の幅が同じ,,直進車,右左折車
【144】,四輪車同士の事故,交差点におけるその他の態様の事故,丁字路（Ｔ字路）交差点における事故,,右折車同士の事故,道路の幅の一方が明らかに広い,,広路直進車,狭路右左折車
【145】,四輪車同士の事故,交差点におけるその他の態様の事故,丁字路（Ｔ字路）交差点における事故,,右折車同士の事故,道路の一方に一時停止,,直進車規制なし,右左折車規制あり
【146】,四輪車同士の事故,交差点におけるその他の態様の事故,丁字路（Ｔ字路）交差点における事故,,右折車同士の事故,道路の一方が優先道路,,優先直進車,劣後右左折車
【147】,四輪車同士の事故,交差点におけるその他の態様の事故,,,道路外から道路に進入するため右折する場合,,,直進車,路外車
【148】,四輪車同士の事故,交差点におけるその他の態様の事故,,,道路外から道路に進入するため左折する場合,,,直進車,路外車
【149】,四輪車同士の事故,交差点におけるその他の態様の事故,,,道路外に出るため右折する場合,,,直進車,右折車
【150】,四輪車同士の事故,交差点におけるその他の態様の事故,,,対向車同士の事故(センターオーバー),,,左側部分通行者,センターオーバー車
【151】,四輪車同士の事故,交差点におけるその他の態様の事故,,,追越禁止場所における事故,,,被追越車,追越車
【152】,四輪車同士の事故,交差点におけるその他の態様の事故,,,追越禁止場所でない場所における事故,,,被追越車,追越車
【153】,四輪車同士の事故,交差点におけるその他の態様の事故,,,進路変更車と後続直進車との事故,,,後続直進車,進路変更車
【154】,四輪車同士の事故,交差点におけるその他の態様の事故,,,追突事故(被追突車に法24条違反がある場合),,,追突者,被追突者
【155】,四輪車同士の事故,交差点におけるその他の態様の事故,,,転回中の事故,,,直進車,転回車
【156】,四輪車同士の事故,交差点におけるその他の態様の事故,,,転回終了直後の事故,,,直進車,転回車
【157】,四輪車同士の事故,駐停車車両に対する追突事故,,,,,,追突者,被追突者
【158】,四輪車同士の事故,緊急自動車と四輪車の事故,信号機により交通整理の行われている交差点における出合い頭事故,,,,,四輪車・青信号で進入,緊急自動車・赤信号で進入
【159】,四輪車同士の事故,緊急自動車と四輪車の事故,信号機により交通整理の行われていない交差点における出合い頭事故,,,,,四輪車・優先道路進行,緊急自動車・非優先道路進行
