﻿判例番号,信号機の有無,事故発生の場所,車線の関係,契約車の進行方向,相手方の進行方向,契約車から見た相手方の位置,相手方から見た契約車の位置,道路の優先関係
98,true,十字路交差点,直交車線,直進,直進,右方,左方,
99,true,十字路交差点,直交車線,直進,直進,右方,左方,
100,true,十字路交差点,直交車線,直進,直進,右方,左方,
101,false,十字路交差点,直交車線,直進,直進,右方,左方,同幅員
102,false,十字路交差点,直交車線,直進,直進,右方,左方,
103-1,false,十字路交差点,直交車線,直進,直進,右方,左方,一方が広い
103-2,false,十字路交差点,直交車線,直進,直進,右方,左方,一方が広い
103-3,false,十字路交差点,直交車線,直進,直進,右方,左方,一方が広い
104-1,false,十字路交差点,直交車線,直進,直進,右方,左方,一方が一時停止規制
104-2,false,十字路交差点,直交車線,直進,直進,右方,左方,一方が一時停止規制
104-3,false,十字路交差点,直交車線,直進,直進,右方,左方,一方が一時停止規制
104-4,false,十字路交差点,直交車線,直進,直進,右方,左方,一方が一時停止規制
105,false,十字路交差点,直交車線,直進,直進,右方,左方,一方が優先道路
106,false,十字路交差点,直交車線,直進,直進,右方,左方,
107,true,十字路交差点,反対車線,直進,右折,前方,前方,
108,true,十字路交差点,反対車線,直進,右折,前方,前方,
109,true,十字路交差点,反対車線,直進,右折,前方,前方,
110,true,十字路交差点,反対車線,直進,右折,前方,前方,
111,true,十字路交差点,反対車線,直進,右折,前方,前方,
112,true,十字路交差点,反対車線,直進,右折,前方,前方,
113,true,十字路交差点,反対車線,直進,右折,前方,前方,
114,false,十字路交差点,反対車線,直進,右折,前方,前方,
115,false,十字路交差点,直交車線,直進,右折,右方,左方,同幅員
116,false,十字路交差点,直交車線,直進,右折,右方,左方,同幅員
117,false,十字路交差点,直交車線,直進,右折,右方,左方,一方が広い
118,false,十字路交差点,直交車線,直進,右折,右方,左方,一方が広い
119,false,十字路交差点,直交車線,直進,右折,右方,左方,一方が広い
120,false,十字路交差点,直交車線,直進,右折,右方,左方,一方が一時停止規制
121,false,十字路交差点,直交車線,直進,右折,右方,左方,一方が一時停止規制
122,false,十字路交差点,直交車線,直進,右折,右方,左方,一方が一時停止規制
123,false,十字路交差点,直交車線,直進,右折,右方,左方,一方が優先道路
124,false,十字路交差点,直交車線,直進,右折,右方,左方,一方が優先道路
125,false,十字路交差点,直交車線,直進,右折,右方,左方,一方が優先道路
126,false,十字路交差点,直交車線,直進,左折,右方,左方,同幅員
127,false,十字路交差点,直交車線,直進,左折,右方,左方,一方が広い
128,false,十字路交差点,直交車線,直進,左折,右方,左方,一方が一時停止規制
129,false,十字路交差点,直交車線,直進,左折,右方,左方,一方が優先道路
130,false,十字路交差点,直交車線,右折,右折,右方,左方,同幅員
131,false,十字路交差点,直交車線,右折,右折,右方,左方,一方が広い
132,false,十字路交差点,直交車線,右折,右折,右方,左方,一方が一時停止規制
133,false,十字路交差点,直交車線,右折,右折,右方,左方,一方が優先道路
134,false,十字路交差点,反対車線,左折,右折,前方,前方,
135,false,十字路交差点,同一車線,右折,直進,前方,後方,
136,false,十字路交差点,同一車線,右折,直進,前方,後方,
137-1,false,十字路交差点,同一車線,右折,直進,前方,後方,
137-2,false,十字路交差点,同一車線,右折,直進,前方,後方,
138-1,false,十字路交差点,同一車線,右折,直進,前方,後方,
138-2,false,十字路交差点,同一車線,右折,直進,前方,後方,
139,false,丁字路（Ｔ字路）交差点,直線路と突き当たり路,右折,直進,右方,左方,同幅員
140,false,丁字路（Ｔ字路）交差点,直線路と突き当たり路,右折,直進,右方,左方,一方が広い
141,false,丁字路（Ｔ字路）交差点,直線路と突き当たり路,右折,直進,右方,左方,一方が一時停止規制
142,false,丁字路（Ｔ字路）交差点,直線路と突き当たり路,右折,直進,右方,左方,一方が優先道路
143,false,丁字路（Ｔ字路）交差点,直線路と突き当たり路,右折,右折,右方,左方,同幅員
144,false,丁字路（Ｔ字路）交差点,直線路と突き当たり路,右折,右折,右方,左方,一方が広い
145,false,丁字路（Ｔ字路）交差点,直線路と突き当たり路,右折,右折,右方,左方,一方が一時停止規制
146,false,丁字路（Ｔ字路）交差点,直線路と突き当たり路,右折,右折,右方,左方,一方が優先道路
147,false,道路外入出,道路外入出,直進,右折,右方,左方,
148,false,道路外入出,道路外入出,直進,左折,右方,左方,
149,false,道路外入出,道路外入出,直進,右折,右方,左方,
150,false,直線道路,反対車線,直進,直進,前方,前方,
151,false,直線道路,同一車線,直進,直進,前方,後方,
152,false,直線道路,同一車線,直進,直進,前方,後方,
153,false,直線道路,同一車線,直進,直進,前方,後方,
154,false,直線道路,同一車線,直進,直進,前方,後方,
155,false,直線道路,同一車線,直進,転回,前方,後方,
156,false,直線道路,反対車線,直進,転回,前方,前方,
157,false,直線道路,同一車線,直進,駐停車,前方,後方,
158,true,十字路交差点,直交車線,直進,直進,右方,左方,
159,false,十字路交差点,直交車線,直進,直進,右方,左方,一方が優先道路
